Time,Day_of_week,Age_band_of_driver,Sex_of_driver,Educational_level,Vehicle_driver_relation,Driving_experience,Type_of_vehicle,Owner_of_vehicle,Service_year_of_vehicle,Defect_of_vehicle,Area_accident_occured,Lanes_or_Medians,Road_allignment,Types_of_Junction,Road_surface_type,Road_surface_conditions,Light_conditions,Weather_conditions,Type_of_collision,Number_of_vehicles_involved,Number_of_casualties,Vehicle_movement,Casualty_class,Sex_of_casualty,Age_band_of_casualty,Casualty_severity,Work_of_casuality,Fitness_of_casuality,Pedestrian_movement,Cause_of_accident,Accident_severity
19:03:00,Saturday,31-50,Male,,,,Stationwagen,Governmental,Unknown,No defect,Other,Two-way (divided with broken lines road marking),Tangent road with flat terrain,No junction,Asphalt roads,Dry,Daylight,Normal,Collision with pedestrians,1,2,Going straight,na,na,na,na,Self-employed,Normal,Not a Pedestrian,No distancing,Fatal injury
01:18:00,Saturday,18-30,Male,Junior high school,Employee,2-5yr,Special vehicle,Governmental,Above 10yr,No defect,Other,Two-way (divided with broken lines road marking),Tangent road with flat terrain,No junction,Asphalt roads,Dry,Darkness - lights lit,Normal,Vehicle with vehicle collision,2,5,Other,Driver or rider,Female,18-30,3,Other,Normal,Not a Pedestrian,Changing lane to the left,Fatal injury
10:16:00,Friday,18-30,Male,Junior high school,Employee,,Lorry (41?100Q),Owner,Below 1yr,,Residential areas,Two-way (divided with broken lines road marking),Tangent road with flat terrain,,Earth roads,Wet or damp,Daylight,Raining,Vehicle with vehicle collision,2,2,Going straight,na,na,na,na,Other,Normal,Not a Pedestrian,Driving carelessly,Slight Injury
15:15:00,Friday,18-30,Male,Junior high school,Employee,2-5yr,Automobile,Owner,,No defect,Residential areas,Undivided Two way,Tangent road with flat terrain,No junction,,Dry,Daylight,Normal,Collision with roadside objects,2,1,Turnover,Pedestrian,Male,Under 18,2,,,Not a Pedestrian,Driving carelessly,Slight Injury
17:45:00,Saturday,Over 51,Male,Elementary school,Employee,Above 10yr,Long lorry,Owner,Above 10yr,No defect,Residential areas,other,Tangent road with flat terrain,No junction,Asphalt roads,Dry,Daylight,Normal,Vehicle with vehicle collision,1,3,Going straight,Driver or rider,Male,31-50,3,Driver,Normal,Not a Pedestrian,No distancing,Fatal injury
23:10:00,Sunday,18-30,Male,Junior high school,Employee,2-5yr,Automobile,Owner,Unknown,No defect,Office areas,Undivided Two way,Tangent road with flat terrain,Y Shape,Asphalt roads,Dry,Darkness - lights lit,Normal,Vehicle with vehicle collision,2,3,Going straight,Passenger,Male,Over 51,3,Driver,Normal,Not a Pedestrian,Changing lane to the right,Fatal injury
13:00:00,Saturday,18-30,Male,Junior high school,Employee,Above 10yr,Pick up upto 10Q,Owner,1-2yr,,Other,,Tangent road with flat terrain,Y Shape,Asphalt roads,Wet or damp,Daylight,Normal,Collision with pedestrians,2,1,Going straight,Driver or rider,Male,18-30,3,Self-employed,Normal,Not a Pedestrian,Getting off the vehicle improperly,Serious Injury
15:28:00,Tuesday,18-30,Male,,Owner,,Long lorry,Owner,Above 10yr,, Industrial areas,Undivided Two way,Tangent road with flat terrain,Other,Other,Dry,Daylight,Normal,With Train,1,2,Going straight,Pedestrian,Male,18-30,3,Driver,Normal,Not a Pedestrian,Moving Backward,Serious Injury
12:59:00,Monday,18-30,Male,Junior high school,Employee,1-2yr,,Owner,2-5yrs,No defect, Church areas,Undivided Two way,Tangent road with flat terrain,Unknown,Asphalt roads,Dry,Daylight,Normal,Collision with pedestrians,3,3,Going straight,Driver or rider,Female,18-30,3,Driver,Normal,Not a Pedestrian,Driving to the left,Fatal injury
7:02:00,Wednesday,31-50,Male,Above high school,Employee,5-10yr,,Owner,,No defect,Other,Two-way (divided with broken lines road marking),Tangent road with flat terrain,No junction,Asphalt roads,Dry,Daylight,Normal,Vehicle with vehicle collision,2,1,Other,Driver or rider,Male,18-30,3,Driver,Normal,Not a Pedestrian,No distancing,Serious Injury
07:35:00,Monday,31-50,Male,Elementary school,Employee,2-5yr,,Owner,Unknown,No defect,Office areas,Undivided Two way,Tangent road with flat terrain,No junction,Asphalt roads,Dry,Daylight,Normal,Vehicle with vehicle collision,1,4,Reversing,Driver or rider,Male,31-50,3,Driver,Normal,Not a Pedestrian,Changing lane to the right,Fatal injury
12:00:00,Saturday,18-30,Male,Elementary school,Employee,5-10yr,,Owner,2-5yrs,,Other,Undivided Two way,Tangent road with flat terrain,Crossing,Asphalt roads,Snow,Daylight,Snow,Vehicle with vehicle collision,3,2,Moving Backward,na,na,na,na,Driver,Normal,Not a Pedestrian,Moving Backward,Slight Injury
07:45:00,Monday,31-50,Male,,,,Lorry (11?40Q),Owner,,,Office areas,Undivided Two way,Tangent road with flat terrain,No junction,Asphalt roads,Dry,Daylight,Normal,Vehicle with vehicle collision,2,1,Going straight,Driver or rider,Male,Over 51,3,Driver,Normal,Not a Pedestrian,Other,Serious Injury
11:43:00,Sunday,Over 51,Male,Junior high school,Employee,5-10yr,Pick up upto 10Q,Governmental,Above 10yr,,Other,Double carriageway (median),Tangent road with flat terrain,Y Shape,Asphalt roads,Dry,Daylight,Normal,Vehicle with vehicle collision,2,1,Going straight,Passenger,Female,Over 51,3,Driver,Normal,Not a Pedestrian,Driving carelessly,Slight Injury
10:00:00,Tuesday,18-30,Male,Elementary school,Owner,5-10yr,Lorry (41?100Q),Owner,,No defect,School areas,other,Steep grade downward with mountainous terrain,No junction,Asphalt roads,Dry,Daylight,Normal,Vehicle with vehicle collision,2,1,Going straight,na,na,na,na,Self-employed,Normal,Not a Pedestrian,No priority to pedestrian,Slight Injury
17:36:00,Thursday,31-50,Male,High school,Employee,2-5yr,Automobile,Owner,Unknown,No defect,Residential areas,One way,Tangent road with flat terrain,Y Shape,Asphalt roads,Dry,Daylight,Normal,Vehicle with vehicle collision,1,1,Going straight,Pedestrian,Male,Under 18,3,Employee,Normal,Crossing from driver's nearside,No distancing,Fatal injury
14:25:00,Sunday,18-30,Male,Junior high school,Owner,Above 10yr,Public (13?45 seats),Owner,1-2yr,,Office areas,Two-way (divided with broken lines road marking),Tangent road with flat terrain,No junction,Asphalt roads,Wet or damp,Daylight,Raining,Collision with roadside objects,1,5,Reversing,na,na,na,na,Self-employed,Normal,Not a Pedestrian,Moving Backward,Fatal injury
11:30:00,Tuesday,18-30,Male,Junior high school,Employee,1-2yr,Lorry (41?100Q),Owner,Unknown,,Office areas,Two-way (divided with broken lines road marking),Tangent road with mild grade and flat terrain,Crossing,Gravel roads,Wet or damp,Daylight,Normal,Vehicle with vehicle collision,4,6,Going straight,na,na,na,na,Driver,Normal,Not a Pedestrian,Changing lane to the left,Serious Injury
2:20:00,Saturday,31-50,Male,Elementary school,Employee,2-5yr,Stationwagen,Owner,,No defect,Residential areas,Two-way (divided with broken lines road marking),Tangent road with flat terrain,No junction,Asphalt roads,Wet or damp,Darkness - lights lit,Normal,Vehicle with vehicle collision,2,1,Getting off,na,na,na,na,,,Not a Pedestrian,Changing lane to the right,Serious Injury
19:35:00,Saturday,31-50,Male,,,,Automobile,Owner,2-5yrs,,Other,Undivided Two way,Tangent road with flat terrain,No junction,Asphalt roads,Wet or damp,Daylight,Raining,Vehicle with vehicle collision,1,2,Other,na,na,na,na,Driver,Normal,Not a Pedestrian,No distancing,Fatal injury
2:05:00,Sunday,18-30,Male,Junior high school,Employee,5-10yr,Automobile,Owner,,No defect,Other,Two-way (divided with broken lines road marking),Steep grade downward with mountainous terrain,Y Shape,Asphalt roads,Dry,Darkness - lights lit,Normal,Vehicle with vehicle collision,2,1,Going straight,Driver or rider,Male,31-50,3,Self-employed,Normal,Not a Pedestrian,Changing lane to the left,Serious Injury
19:08:00,Tuesday,18-30,Male,Elementary school,Employee,5-10yr,Pick up upto 10Q,Owner,,No defect,Office areas,Double carriageway (median),Tangent road with flat terrain,,Asphalt roads,Dry,Darkness - lights lit,Normal,Vehicle with vehicle collision,3,3,Going straight,na,na,na,na,Driver,Normal,Not a Pedestrian,Other,Slight Injury
20:45:00,Monday,18-30,Female,Junior high school,Employee,Above 10yr,Lorry (11?40Q),Owner,,No defect,Office areas,One way,Tangent road with flat terrain,Y Shape,Asphalt roads,Wet or damp,Darkness - lights lit,Raining,Collision with animals,1,3,Going straight,na,na,na,na,,,Not a Pedestrian,No distancing,Serious Injury
10:30:00,Friday,18-30,Male,Junior high school,Employee,2-5yr,Automobile,Owner,Unknown,No defect,Office areas,Undivided Two way,Tangent road with flat terrain,No junction,Asphalt roads,Wet or damp,Daylight,Normal,Vehicle with vehicle collision,1,1,Going straight,Driver or rider,Male,18-30,3,,,Not a Pedestrian,Overturning,Slight Injury
13:17:00,Sunday,31-50,Male,High school,Employee,1-2yr,Automobile,Owner,,,Other,Two-way (divided with broken lines road marking),Tangent road with flat terrain,No junction,Asphalt roads,Dry,Daylight,Normal,Collision with animals,1,1,Overtaking,Driver or rider,Male,Under 18,3,,Normal,Not a Pedestrian,No distancing,Fatal injury
19:15:00,Thursday,18-30,Male,Elementary school,Owner,2-5yr,Automobile,Governmental,,No defect,School areas,Undivided Two way,Tangent road with flat terrain,Crossing,Asphalt roads,Dry,Darkness - lights lit,Normal,Vehicle with vehicle collision,2,1,Going straight,na,na,na,na,Self-employed,Normal,Not a Pedestrian,Changing lane to the right,Fatal injury
04:24:00,Friday,18-30,Male,Junior high school,,Below 1yr,Lorry (41?100Q),Governmental,2-5yrs,,Residential areas,Two-way (divided with broken lines road marking),,Y Shape,Asphalt roads,Dry,Darkness - lights lit,Normal,Collision with pedestrians,1,1,Going straight,Driver or rider,Male,31-50,3,Self-employed,Normal,Not a Pedestrian,Driving to the left,Serious Injury
10:16:00,Sunday,18-30,Male,Junior high school,Owner,5-10yr,Public (12 seats),Owner,Unknown,,Residential areas,Undivided Two way,Tangent road with flat terrain,No junction,Asphalt roads,Dry,Daylight,Normal,Collision with roadside objects,2,6,Going straight,na,na,na,na,,Normal,Not a Pedestrian,No priority to vehicle,Fatal injury
17:15:00,Tuesday,Unknown,Male,Junior high school,Employee,Above 10yr,Automobile,Owner,Unknown,No defect,Other,Two-way (divided with broken lines road marking),Tangent road with flat terrain,No junction,Asphalt roads,Dry,Daylight,Unknown,Vehicle with vehicle collision,1,1,Going straight,na,na,na,na,Self-employed,Normal,Not a Pedestrian,No distancing,Slight Injury
0:45:00,Sunday,Unknown,Female,Elementary school,Owner,5-10yr,Public (12 seats),Owner,Above 10yr,No defect,Office areas,Two-way (divided with broken lines road marking),Sharp reverse curve,Y Shape,Asphalt roads,Dry,Darkness - lights lit,Normal,Vehicle with vehicle collision,1,1,Turnover,Passenger,Female,18-30,3,,,Not a Pedestrian,Changing lane to the right,Slight Injury
01:18:00,Saturday,18-30,Male,Junior high school,Employee,Below 1yr,,Organization,2-5yrs,, Industrial areas,Two-way (divided with broken lines road marking),Tangent road with flat terrain,No junction,Asphalt roads,Dry,Darkness - lights lit,Normal,Collision with roadside objects,1,4,Going straight,Pedestrian,Male,Over 51,3,Driver,Normal,Crossing from nearside - masked by parked or statioNot a Pedestrianry vehicle,Moving Backward,Fatal injury
02:10:00,Sunday,18-30,Male,Junior high school,Employee,2-5yr,,Owner,Unknown,No defect,Office areas,Undivided Two way,Tangent road with flat terrain,Y Shape,Asphalt roads,Dry,Darkness - lights lit,Normal,Vehicle with vehicle collision,3,1,Turnover,Driver or rider,Male,31-50,3,Driver,Normal,Not a Pedestrian,No priority to vehicle,Fatal injury
18:03:00,Saturday,31-50,Male,Elementary school,Owner,Above 10yr,Lorry (41?100Q),Governmental,Unknown,No defect,  Market areas,Undivided Two way,Tangent road with flat terrain,No junction,Asphalt roads,Dry,Daylight,Normal,Vehicle with vehicle collision,3,2,Going straight,Driver or rider,Male,18-30,3,Driver,Normal,Not a Pedestrian,Changing lane to the right,Fatal injury
20:32:00,Tuesday,Over 51,Male,Junior high school,Employee,1-2yr,Lorry (41?100Q),Governmental,2-5yrs,,  Recreational areas,Two-way (divided with broken lines road marking),Tangent road with flat terrain,No junction,,Wet or damp,Daylight,Raining,Vehicle with vehicle collision,2,4,Reversing,Driver or rider,Male,18-30,3,Driver,Normal,Not a Pedestrian,Driving carelessly,Fatal injury
17:46:00,Thursday,Over 51,Male,Elementary school,Employee,Above 10yr,Other,Organization,1-2yr,No defect,Office areas,other,Tangent road with flat terrain,Y Shape,Earth roads,Snow,Darkness - lights lit,Other,Vehicle with vehicle collision,2,3,Going straight,Driver or rider,Female,18-30,3,Driver,Normal,Not a Pedestrian,Moving Backward,Slight Injury
09:16:00,Sunday,18-30,Male,Junior high school,Owner,2-5yr,Public (12 seats),Owner,,No defect,Other,Two-way (divided with broken lines road marking),Tangent road with flat terrain,No junction,Asphalt roads,Dry,Daylight,Normal,Vehicle with vehicle collision,3,6,Going straight,Driver or rider,Male,31-50,3,Driver,,Not a Pedestrian,Changing lane to the right,Fatal injury
15:05:00,Tuesday,Over 51,Male,Junior high school,Employee,2-5yr,Automobile,Owner,,No defect,Other,Undivided Two way,Tangent road with flat terrain,,Asphalt roads,Dry,Daylight,Normal,,2,2,Other,Passenger,Male,Over 51,3,Student,Normal,Not a Pedestrian,No priority to vehicle,Serious Injury
23:35:00,Saturday,Under 18,Male,Elementary school,Employee,2-5yr,Lorry (41?100Q),Owner,Unknown,No defect, Church areas,Two-way (divided with solid lines road marking),Tangent road with flat terrain,Y Shape,Earth roads,Dry,Darkness - lights lit,Normal,Vehicle with vehicle collision,3,5,Entering a junction,Driver or rider,Female,18-30,3,Student,Normal,Not a Pedestrian,Moving Backward,Serious Injury
19:00:00,Thursday,Unknown,Female,Junior high school,Employee,2-5yr,Public (13?45 seats),Owner,2-5yrs,No defect,Other,Two-way (divided with broken lines road marking),Tangent road with mild grade and flat terrain,No junction,Asphalt roads,Dry,Daylight,Normal,Vehicle with vehicle collision,2,1,Going straight,na,na,na,na,,,Not a Pedestrian,No distancing,Slight Injury
18:57:00,Tuesday,31-50,Male,High school,Employee,Above 10yr,Long lorry,Owner,,No defect,  Recreational areas,Two-way (divided with broken lines road marking),Tangent road with flat terrain,Y Shape,Asphalt roads,Dry,Daylight,Normal,Vehicle with vehicle collision,1,2,Going straight,Pedestrian,Male,18-30,3,,,Unknown or other,Turnover,Fatal injury
16:22:00,Thursday,18-30,Male,Junior high school,Employee,2-5yr,Automobile,Owner,Above 10yr,No defect, Church areas,Undivided Two way,Sharp reverse curve,Unknown,,Dry,Daylight,Normal,Collision with roadside objects,2,1,Reversing,Driver or rider,Male,Over 51,3,,,Not a Pedestrian,Driving at high speed,Serious Injury
06:50:00,Friday,31-50,Male,Junior high school,Employee,5-10yr,Lorry (41?100Q),Owner,,,Office areas,other,Tangent road with flat terrain,No junction,Asphalt roads,Wet or damp,Daylight,Raining,Collision with roadside objects,3,4,Going straight,Driver or rider,Male,Under 18,3,,Normal,Not a Pedestrian,Driving carelessly,Fatal injury
15:25:00,Saturday,18-30,Male,Junior high school,Owner,5-10yr,Public (13?45 seats),Owner,Unknown,No defect, Church areas,Undivided Two way,Tangent road with flat terrain,Crossing,Asphalt roads,Dry,Daylight,Normal,Vehicle with vehicle collision,2,1,Going straight,Driver or rider,Female,18-30,3,Driver,Normal,Not a Pedestrian,Other,Slight Injury
16:50:00,Monday,18-30,Male,Junior high school,Employee,1-2yr,Lorry (41?100Q),Owner,Unknown,No defect,Other,Two-way (divided with broken lines road marking),Tangent road with flat terrain,Crossing,Asphalt roads,Wet or damp,Daylight,Normal,Collision with roadside objects,1,2,Going straight,na,na,na,na,Driver,Normal,Not a Pedestrian,No priority to pedestrian,Slight Injury
20:16:00,Sunday,31-50,Male,High school,Employee,Above 10yr,Lorry (41?100Q),Owner,Unknown,No defect,Other,Undivided Two way,Tangent road with flat terrain,No junction,Asphalt roads,Dry,Darkness - lights lit,Normal,Vehicle with vehicle collision,2,2,Going straight,Passenger,Female,Under 18,3,Driver,Normal,Not a Pedestrian,Driving carelessly,Slight Injury
12:46:00,Friday,31-50,Male,Junior high school,Employee,5-10yr,Taxi,Owner,2-5yrs,No defect,Other,Undivided Two way,Tangent road with flat terrain,No junction,Asphalt roads,Dry,Daylight,Normal,Collision with pedestrians,3,1,Going straight,Driver or rider,Male,5,3,,,Not a Pedestrian,Other,Slight Injury
23:10:00,Friday,31-50,Male,Junior high school,Owner,1-2yr,Automobile,Owner,2-5yrs,No defect, Church areas,One way,Tangent road with flat terrain,Crossing,Asphalt roads,Dry,Darkness - lights lit,Normal,Vehicle with vehicle collision,2,1,Going straight,Passenger,Female,18-30,3,Driver,Normal,Not a Pedestrian,No distancing,Slight Injury
10:45:00,Saturday,31-50,Male,Junior high school,Employee,5-10yr,Public (13?45 seats),Governmental,Unknown,No defect,Other,Two-way (divided with broken lines road marking),Steep grade downward with mountainous terrain,,Earth roads,Dry,Darkness - lights lit,Normal,Collision with pedestrians,1,3,Going straight,Driver or rider,Male,31-50,3,Driver,Normal,Not a Pedestrian,No priority to vehicle,Fatal injury
07:25:00,Wednesday,18-30,Male,Junior high school,Owner,Above 10yr,Lorry (11?40Q),Owner,5-10yrs,,Other,Undivided Two way,Tangent road with flat terrain,Y Shape,Asphalt roads,Dry,Daylight,Normal,Vehicle with vehicle collision,3,1,Going straight,Driver or rider,Male,18-30,3,Self-employed,Normal,Not a Pedestrian,Other,Serious Injury
12:58:00,Friday,31-50,Male,Elementary school,Employee,Below 1yr,Lorry (41?100Q),Owner,,No defect,Office areas,,Tangent road with flat terrain,Other,Asphalt roads,Dry,Daylight,Normal,Vehicle with vehicle collision,2,2,Other,na,na,na,na,Driver,Normal,Not a Pedestrian,Getting off the vehicle improperly,Slight Injury
10:30:00,Wednesday,31-50,Male,Junior high school,Employee,1-2yr,Pick up upto 10Q,Owner,Above 10yr,No defect,Other,other,Tangent road with flat terrain,Y Shape,Asphalt roads,Dry,Daylight,Normal,,2,1,Going straight,na,na,na,na,,Normal,Not a Pedestrian,Overtaking,Slight Injury
3:16:00,Saturday,Unknown,Female,Above high school,Employee,Above 10yr,Automobile,Owner,Unknown,No defect,  Market areas,Undivided Two way,Tangent road with flat terrain,No junction,Asphalt roads,Dry,Darkness - lights lit,Normal,Vehicle with vehicle collision,2,1,Going straight,na,na,na,na,,Normal,Not a Pedestrian,Driving at high speed,Slight Injury
13:11:00,Wednesday,18-30,Male,Junior high school,Employee,Above 10yr,Lorry (41?100Q),Owner,Above 10yr,No defect,Other,Two-way (divided with broken lines road marking),Tangent road with flat terrain,No junction,Asphalt roads,Dry,Daylight,Normal,Vehicle with vehicle collision,1,3,Waiting to go,Driver or rider,Male,31-50,3,Employee,Normal,Not a Pedestrian,Changing lane to the right,Fatal injury
8:40:00,Tuesday,Over 51,Male,Elementary school,Employee,Above 10yr,Taxi,Owner,Unknown,,Residential areas,,Tangent road with flat terrain,No junction,Asphalt roads,Wet or damp,Daylight,Normal,Vehicle with vehicle collision,2,3,Going straight,na,na,na,na,Driver,Normal,Not a Pedestrian,Changing lane to the right,Slight Injury
17:40:00,Tuesday,Over 51,Male,Junior high school,Employee,5-10yr,Taxi,Owner,Unknown,No defect,Other,Undivided Two way,Tangent road with flat terrain,Y Shape,Asphalt roads,Dry,Daylight,Normal,Vehicle with vehicle collision,1,2,Going straight,na,na,na,na,Driver,Normal,Not a Pedestrian,Driving to the left,Fatal injury
12:29:00,Tuesday,31-50,Male,Junior high school,,5-10yr,,Owner,5-10yrs,No defect,Other,Two-way (divided with broken lines road marking),Tangent road with flat terrain,No junction,Asphalt roads,Wet or damp,Darkness - lights lit,Raining,Vehicle with vehicle collision,1,1,Moving Backward,Driver or rider,Male,18-30,2,Self-employed,Normal,Not a Pedestrian,Driving at high speed,Fatal injury
17:45:00,Sunday,18-30,Male,Junior high school,Employee,1-2yr,Automobile,Owner,,No defect, Church areas,Undivided Two way,Tangent road with flat terrain,,Asphalt roads,Dry,Darkness - lights lit,Normal,Vehicle with vehicle collision,4,1,Going straight,na,na,na,na,,,Not a Pedestrian,No priority to vehicle,Slight Injury
11:29:00,Saturday,Over 51,Male,Writing & reading,Employee,5-10yr,Lorry (41?100Q),Owner,Unknown,No defect,Other,Two-way (divided with broken lines road marking),Tangent road with flat terrain,Y Shape,Asphalt roads,Dry,Daylight,Normal,Vehicle with vehicle collision,2,3,Going straight,na,na,na,na,Other,Normal,Not a Pedestrian,Changing lane to the left,Slight Injury
11:38:00,Saturday,31-50,Male,Elementary school,Owner,5-10yr,Automobile,Owner,,No defect,Other,Two-way (divided with broken lines road marking),Tangent road with flat terrain,No junction,Asphalt roads,Dry,Daylight,Normal,Vehicle with vehicle collision,2,3,Going straight,Driver or rider,Male,31-50,3,Employee,Normal,Not a Pedestrian,No distancing,Slight Injury
23:15:00,Sunday,18-30,Male,Junior high school,Employee,5-10yr,Automobile,Owner,1-2yr,No defect,Other,other,Tangent road with flat terrain,No junction,Asphalt roads,Dry,Darkness - lights lit,Normal,Vehicle with vehicle collision,3,3,Going straight,Driver or rider,Male,Under 18,3,Driver,Normal,Not a Pedestrian,Driving carelessly,Fatal injury
13:25:00,Thursday,Over 51,Male,Elementary school,Owner,5-10yr,Public (12 seats),,,, Church areas,Two-way (divided with broken lines road marking),Tangent road with flat terrain,No junction,Asphalt roads,Dry,Daylight,Normal,Collision with pedestrians,2,2,Moving Backward,Passenger,Male,Under 18,3,,Normal,Not a Pedestrian,Changing lane to the left,Serious Injury
14:40:00,Saturday,18-30,Male,Above high school,Owner,1-2yr,Public (13?45 seats),Owner,Unknown,No defect,Residential areas,other,Tangent road with flat terrain,No junction,Asphalt roads,Dry,Daylight,Normal,Collision with animals,2,1,Turnover,na,na,na,na,,Normal,Not a Pedestrian,Changing lane to the left,Serious Injury
08:15:00,Saturday,Under 18,Male,Elementary school,Employee,1-2yr,Pick up upto 10Q,Owner,,No defect,Other,Undivided Two way,Tangent road with flat terrain,No junction,Asphalt roads,Dry,Daylight,Normal,Vehicle with vehicle collision,1,4,Going straight,Driver or rider,Male,31-50,3,Driver,Normal,Not a Pedestrian,Driving carelessly,Fatal injury
19:15:00,Thursday,18-30,Male,,,,Public (12 seats),Owner,Unknown,No defect,School areas,,Tangent road with flat terrain,Crossing,Asphalt roads,Dry,Darkness - lights lit,Normal,Vehicle with vehicle collision,3,1,Going straight,Pedestrian,Male,Over 51,3,Driver,Normal,Crossing from nearside - masked by parked or statioNot a Pedestrianry vehicle,No distancing,Fatal injury
17:24:00,Thursday,18-30,Male,Junior high school,Employee,2-5yr,Public (12 seats),Owner,Unknown,,Residential areas,,Tangent road with flat terrain,No junction,Other,Wet or damp,Darkness - lights lit,Raining,Vehicle with vehicle collision,2,1,Moving Backward,na,na,na,na,Driver,Normal,Not a Pedestrian,Changing lane to the right,Slight Injury
17:25:00,Sunday,18-30,Male,Junior high school,Owner,Above 10yr,Public (13?45 seats),Owner,1-2yr,,Office areas,Two-way (divided with broken lines road marking),Tangent road with flat terrain,No junction,Asphalt roads,Wet or damp,Daylight,Raining,Collision with roadside objects,2,5,Reversing,na,na,na,na,Self-employed,Normal,Not a Pedestrian,Moving Backward,Fatal injury
0:20:00,Friday,Unknown,Male,Junior high school,Owner,Above 10yr,Stationwagen,Owner,,No defect,  Recreational areas,other,Tangent road with flat terrain,Y Shape,Asphalt roads,Dry,Darkness - lights lit,Normal,Collision with roadside objects,2,2,Going straight,na,na,na,na,Driver,Normal,Not a Pedestrian,No distancing,Slight Injury
17:34:00,Thursday,Under 18,Male,Junior high school,Employee,Below 1yr,Public (12 seats),Owner,2-5yrs,,Other,Two-way (divided with broken lines road marking),Tangent road with flat terrain,No junction,Asphalt roads,Wet or damp,Darkness - lights lit,Normal,Collision with pedestrians,1,2,Going straight,Pedestrian,Male,31-50,3,Other,Normal,Not a Pedestrian,Driving carelessly,Serious Injury
14:30:00,Sunday,31-50,Male,High school,Employee,2-5yr,Lorry (41?100Q),Owner,Unknown,No defect,Residential areas,Undivided Two way,Tangent road with flat terrain,,Asphalt roads,Dry,Daylight,Normal,,2,1,Going straight,na,na,na,na,Driver,Normal,Not a Pedestrian,No distancing,Slight Injury
22:10:00,Monday,Over 51,Male,Junior high school,Employee,Below 1yr,Bicycle,Owner,,No defect,Other,One way,Tangent road with flat terrain,Y Shape,Asphalt roads,Dry,Darkness - lights lit,Normal,Vehicle with vehicle collision,2,1,Other,na,na,na,na,Self-employed,Normal,Not a Pedestrian,Driving carelessly,Slight Injury
10:07:00,Monday,Over 51,Male,Junior high school,Employee,1-2yr,Automobile,,,,Office areas,other,Tangent road with mountainous terrain and,Y Shape,Asphalt roads,Wet or damp,Darkness - lights lit,Normal,Vehicle with vehicle collision,2,2,Going straight,Pedestrian,Male,Over 51,2,Self-employed,Normal,Unknown or other,Driving carelessly,Slight Injury
14:30:00,Tuesday,31-50,Male,Junior high school,Employee,Above 10yr,Lorry (41?100Q),Owner,Unknown,No defect, Industrial areas,Undivided Two way,Tangent road with mild grade and flat terrain,No junction,Asphalt roads,Dry,Darkness - lights lit,Normal,Rollover,1,5,Going straight,Driver or rider,Male,31-50,3,,Other,Not a Pedestrian,Driving carelessly,Fatal injury
8:10:00,Monday,18-30,Male,Junior high school,Employee,Below 1yr,Public (12 seats),Owner,Unknown,No defect,Office areas,Undivided Two way,Tangent road with flat terrain,Other,Asphalt roads,Dry,Daylight,Unknown,Vehicle with vehicle collision,2,2,Going straight,na,na,na,na,,Normal,Not a Pedestrian,Driving carelessly,Slight Injury
7:22:00,Thursday,Over 51,Male,Junior high school,Employee,5-10yr,Automobile,Governmental,Unknown,,Residential areas,Two-way (divided with broken lines road marking),Tangent road with flat terrain,Y Shape,Other,Wet or damp,Darkness - lights lit,Normal,Collision with roadside objects,2,1,Turnover,Driver or rider,Male,18-30,3,,,Not a Pedestrian,Changing lane to the right,Serious Injury
18:25:00,Sunday,18-30,Male,Junior high school,Employee,2-5yr,Lorry (41?100Q),Owner,Below 1yr,,Residential areas,Two-way (divided with broken lines road marking),Tangent road with flat terrain,No junction,Asphalt roads,Wet or damp,Daylight,Raining,,1,4,Going straight,Driver or rider,Male,Over 51,3,,,Not a Pedestrian,Driving carelessly,Fatal injury
23:22:00,Tuesday,18-30,Male,Junior high school,Employee,1-2yr,Public (12 seats),Owner,,No defect,Residential areas,Undivided Two way,Tangent road with flat terrain,No junction,Asphalt roads,Dry,Darkness - lights lit,Normal,Vehicle with vehicle collision,1,1,Going straight,na,na,na,na,Driver,Normal,Not a Pedestrian,Driving carelessly,Fatal injury
18:00:00,Wednesday,Over 51,Male,Junior high school,Employee,Above 10yr,Lorry (41?100Q),Owner,5-10yrs,, Church areas,Undivided Two way,Tangent road with flat terrain,No junction,Asphalt roads,Wet or damp,Darkness - lights lit,Raining,Vehicle with vehicle collision,1,1,Going straight,na,na,na,na,Self-employed,Normal,Not a Pedestrian,Moving Backward,Fatal injury
16:30:00,Friday,Unknown,Female,Junior high school,Employee,Below 1yr,Lorry (41?100Q),Owner,Unknown,No defect, Church areas,Double carriageway (median),Tangent road with flat terrain,Y Shape,Other,Dry,Daylight,Normal,Vehicle with vehicle collision,3,2,Going straight,Pedestrian,Male,18-30,3,Driver,,Crossing from offside - masked by  parked or statioNot a Pedestrianry vehicle,Changing lane to the left,Serious Injury
00:10:00,Sunday,18-30,Female,Writing & reading,Employee,5-10yr,Lorry (11?40Q),Owner,2-5yrs,No defect,Other,other,Tangent road with flat terrain,,Asphalt roads,Dry,Daylight,Normal,Collision with pedestrians,1,4,Other,Driver or rider,Male,Under 18,3,Driver,Normal,Not a Pedestrian,Driving carelessly,Fatal injury